{"cameraMode":{"drawMode":0,"name":"Shaded","section":"Shading Mode"},"sceneLighting":false,"audioPlay":false,"sceneViewState":{"showFog":true,"showMaterialUpdate":false,"showSkybox":false,"showFlares":true,"showImageEffects":true,"showParticleSystems":true},"in2DMode":false,"pivot":{"x":-0.35586315393447878,"y":1.5636107921600342,"z":0.14060115814208985},"rotation":{"x":-0.017577487975358964,"y":-0.10958879441022873,"z":-0.0019396102288737894,"w":0.9938197135925293},"size":3.6000571250915529,"orthographic":false}