{"cameraMode":{"drawMode":0,"name":"Shaded","section":"Shading Mode"},"sceneLighting":false,"audioPlay":false,"sceneViewState":{"showFog":true,"showMaterialUpdate":false,"showSkybox":true,"showFlares":true,"showImageEffects":true,"showParticleSystems":true},"in2DMode":false,"pivot":{"x":130.949951171875,"y":63.313201904296878,"z":490.6449279785156},"rotation":{"x":-0.14143478870391847,"y":0.8171256184577942,"z":-0.22614818811416627,"w":-0.5110371708869934},"size":284.16119384765627,"orthographic":false}