{"cameraMode":{"drawMode":0,"name":"Shaded","section":"Shading Mode"},"sceneLighting":false,"audioPlay":false,"sceneViewState":{"showFog":true,"showMaterialUpdate":false,"showSkybox":true,"showFlares":true,"showImageEffects":true,"showParticleSystems":true},"in2DMode":false,"pivot":{"x":648.3199462890625,"y":337.605224609375,"z":-19.769271850585939},"rotation":{"x":0.011998068541288376,"y":0.008692948147654534,"z":-0.0001118401632993482,"w":0.9998902678489685},"size":1069.9190673828125,"orthographic":false}