{"cameraMode":{"drawMode":0,"name":"Shaded","section":"Shading Mode"},"sceneLighting":false,"audioPlay":false,"sceneViewState":{"showFog":true,"showMaterialUpdate":false,"showSkybox":true,"showFlares":true,"showImageEffects":true,"showParticleSystems":true},"in2DMode":false,"pivot":{"x":100.66756439208985,"y":176.3717803955078,"z":471.611083984375},"rotation":{"x":-0.24976317584514619,"y":-0.24285753071308137,"z":0.06486596912145615,"w":-0.9351102113723755},"size":41.059688568115237,"orthographic":false}