{"cameraMode":{"drawMode":0,"name":"Shaded","section":"Shading Mode"},"sceneLighting":false,"audioPlay":false,"sceneViewState":{"showFog":true,"showMaterialUpdate":false,"showSkybox":true,"showFlares":true,"showImageEffects":true,"showParticleSystems":true},"in2DMode":false,"pivot":{"x":576.17529296875,"y":389.66278076171877,"z":-592.341064453125},"rotation":{"x":0.0030001241248100998,"y":-0.0036015815567225219,"z":-0.000011881658792844974,"w":-0.9999890327453613},"size":253.73788452148438,"orthographic":false}