{"cameraMode":{"drawMode":0,"name":"Shaded","section":"Shading Mode"},"sceneLighting":false,"audioPlay":false,"sceneViewState":{"showFog":true,"showMaterialUpdate":false,"showSkybox":true,"showFlares":true,"showImageEffects":true,"showParticleSystems":true},"in2DMode":false,"pivot":{"x":605.7760009765625,"y":378.67828369140627,"z":-19.925186157226564},"rotation":{"x":-0.003001120872795582,"y":0.0011937879025936127,"z":-0.000003946140168409329,"w":0.9999948143959045},"size":783.16064453125,"orthographic":false}