{"cameraMode":{"drawMode":0,"name":"Shaded","section":"Shading Mode"},"sceneLighting":false,"audioPlay":false,"sceneViewState":{"showFog":true,"showMaterialUpdate":false,"showSkybox":true,"showFlares":true,"showImageEffects":true,"showParticleSystems":true},"in2DMode":false,"pivot":{"x":118.5653076171875,"y":155.36572265625,"z":566.7225341796875},"rotation":{"x":0.15385189652442933,"y":-0.5806960463523865,"z":0.11288420110940933,"w":0.791441023349762},"size":191.6631317138672,"orthographic":false}